{"changepoint_prior_scale":0.0010135326,"seasonality_prior_scale":0.3053844053,"holidays_prior_scale":1.7484828798}